"ID","Df","SumOfSqs","R2","F","Pr(>F)"
"ClimateZone",16,74.9478063681114,0.19321432117593,13.9650596178075,0.001
"Residual",933,312.95204449164,0.806785678824067,,
"Total",949,387.899850859753,1,,
