"ID","Df","SumOfSqs","R2","F","Pr(>F)"
"ClimateZone",14,27.7531388641616,0.186511974980985,5.6335994261922,0.001
"Residual",344,121.047702835097,0.813488025019015,,
"Total",358,148.800841699258,1,,
