"ID","Df","SumOfSqs","R2","F","Pr(>F)"
"ClimateZone",14,13.3408619117769,0.259037681675841,2.74682803696877,0.001
"Residual",110,38.1607645136465,0.740962318324159,,
"Total",124,51.5016264254234,1,,
