"ID","Df","SumOfSqs","R2","F","Pr(>F)"
"ClimateZone",14,27.1097167364498,0.18546285108433,5.57843169905136,0.001
"Residual",343,119.063582002083,0.81453714891567,,
"Total",357,146.173298738532,1,,
