"ClimateZone","No of Samples","No of ESVs","Ratio"
"EF",24,564,23.5
"Cfa",61,1438,23.5737704918033
"Dfc",44,1212,27.5454545454546
"Cfb",49,1447,29.530612244898
"BSk",13,416,32
"ET",22,831,37.7727272727273
"Af",33,1257,38.0909090909091
"Csb",26,1288,49.5384615384615
"Csa",9,459,51
"Am",19,1052,55.3684210526316
"Aw",11,965,87.7272727272727
"Dfb",15,1356,90.4
"Dfa",12,1232,102.666666666667
"Dwc",11,1178,107.090909090909
"Dwb",9,1114,123.777777777778
